--
-- PostgreSQL database dump
--

\restrict Iid1GKlJCVAbJCBcj3khYlNB5MJucJzNoHWnQysToeQe3VoU5UdhrUPq90hCtRS

-- Dumped from database version 18.1 (Postgres.app)
-- Dumped by pg_dump version 18.1 (Postgres.app)

SET statement_timeout = 0;
SET lock_timeout = 0;
SET idle_in_transaction_session_timeout = 0;
SET transaction_timeout = 0;
SET client_encoding = 'UTF8';
SET standard_conforming_strings = on;
SELECT pg_catalog.set_config('search_path', '', false);
SET check_function_bodies = false;
SET xmloption = content;
SET client_min_messages = warning;
SET row_security = off;

SET default_tablespace = '';

SET default_table_access_method = heap;

--
-- Name: auth_group; Type: TABLE; Schema: public; Owner: nasibgojayev
--

CREATE TABLE public.auth_group (
    id integer NOT NULL,
    name character varying(150) NOT NULL
);


ALTER TABLE public.auth_group OWNER TO nasibgojayev;

--
-- Name: auth_group_id_seq; Type: SEQUENCE; Schema: public; Owner: nasibgojayev
--

ALTER TABLE public.auth_group ALTER COLUMN id ADD GENERATED BY DEFAULT AS IDENTITY (
    SEQUENCE NAME public.auth_group_id_seq
    START WITH 1
    INCREMENT BY 1
    NO MINVALUE
    NO MAXVALUE
    CACHE 1
);


--
-- Name: auth_group_permissions; Type: TABLE; Schema: public; Owner: nasibgojayev
--

CREATE TABLE public.auth_group_permissions (
    id bigint NOT NULL,
    group_id integer NOT NULL,
    permission_id integer NOT NULL
);


ALTER TABLE public.auth_group_permissions OWNER TO nasibgojayev;

--
-- Name: auth_group_permissions_id_seq; Type: SEQUENCE; Schema: public; Owner: nasibgojayev
--

ALTER TABLE public.auth_group_permissions ALTER COLUMN id ADD GENERATED BY DEFAULT AS IDENTITY (
    SEQUENCE NAME public.auth_group_permissions_id_seq
    START WITH 1
    INCREMENT BY 1
    NO MINVALUE
    NO MAXVALUE
    CACHE 1
);


--
-- Name: auth_permission; Type: TABLE; Schema: public; Owner: nasibgojayev
--

CREATE TABLE public.auth_permission (
    id integer NOT NULL,
    name character varying(255) NOT NULL,
    content_type_id integer NOT NULL,
    codename character varying(100) NOT NULL
);


ALTER TABLE public.auth_permission OWNER TO nasibgojayev;

--
-- Name: auth_permission_id_seq; Type: SEQUENCE; Schema: public; Owner: nasibgojayev
--

ALTER TABLE public.auth_permission ALTER COLUMN id ADD GENERATED BY DEFAULT AS IDENTITY (
    SEQUENCE NAME public.auth_permission_id_seq
    START WITH 1
    INCREMENT BY 1
    NO MINVALUE
    NO MAXVALUE
    CACHE 1
);


--
-- Name: auth_user; Type: TABLE; Schema: public; Owner: nasibgojayev
--

CREATE TABLE public.auth_user (
    id integer NOT NULL,
    password character varying(128) NOT NULL,
    last_login timestamp with time zone,
    is_superuser boolean NOT NULL,
    username character varying(150) NOT NULL,
    first_name character varying(150) NOT NULL,
    last_name character varying(150) NOT NULL,
    email character varying(254) NOT NULL,
    is_staff boolean NOT NULL,
    is_active boolean NOT NULL,
    date_joined timestamp with time zone NOT NULL
);


ALTER TABLE public.auth_user OWNER TO nasibgojayev;

--
-- Name: auth_user_groups; Type: TABLE; Schema: public; Owner: nasibgojayev
--

CREATE TABLE public.auth_user_groups (
    id bigint NOT NULL,
    user_id integer NOT NULL,
    group_id integer NOT NULL
);


ALTER TABLE public.auth_user_groups OWNER TO nasibgojayev;

--
-- Name: auth_user_groups_id_seq; Type: SEQUENCE; Schema: public; Owner: nasibgojayev
--

ALTER TABLE public.auth_user_groups ALTER COLUMN id ADD GENERATED BY DEFAULT AS IDENTITY (
    SEQUENCE NAME public.auth_user_groups_id_seq
    START WITH 1
    INCREMENT BY 1
    NO MINVALUE
    NO MAXVALUE
    CACHE 1
);


--
-- Name: auth_user_id_seq; Type: SEQUENCE; Schema: public; Owner: nasibgojayev
--

ALTER TABLE public.auth_user ALTER COLUMN id ADD GENERATED BY DEFAULT AS IDENTITY (
    SEQUENCE NAME public.auth_user_id_seq
    START WITH 1
    INCREMENT BY 1
    NO MINVALUE
    NO MAXVALUE
    CACHE 1
);


--
-- Name: auth_user_user_permissions; Type: TABLE; Schema: public; Owner: nasibgojayev
--

CREATE TABLE public.auth_user_user_permissions (
    id bigint NOT NULL,
    user_id integer NOT NULL,
    permission_id integer NOT NULL
);


ALTER TABLE public.auth_user_user_permissions OWNER TO nasibgojayev;

--
-- Name: auth_user_user_permissions_id_seq; Type: SEQUENCE; Schema: public; Owner: nasibgojayev
--

ALTER TABLE public.auth_user_user_permissions ALTER COLUMN id ADD GENERATED BY DEFAULT AS IDENTITY (
    SEQUENCE NAME public.auth_user_user_permissions_id_seq
    START WITH 1
    INCREMENT BY 1
    NO MINVALUE
    NO MAXVALUE
    CACHE 1
);


--
-- Name: base_contractevent; Type: TABLE; Schema: public; Owner: nasibgojayev
--

CREATE TABLE public.base_contractevent (
    event_id uuid NOT NULL,
    event_type character varying(100) NOT NULL,
    "timestamp" timestamp with time zone NOT NULL,
    tx_hash character varying(255) NOT NULL,
    proposal_id uuid,
    round_id uuid
);


ALTER TABLE public.base_contractevent OWNER TO nasibgojayev;

--
-- Name: base_donation; Type: TABLE; Schema: public; Owner: nasibgojayev
--

CREATE TABLE public.base_donation (
    donation_id uuid NOT NULL,
    amount numeric(20,8) NOT NULL,
    sybil_score double precision NOT NULL,
    tx_hash character varying(255) NOT NULL,
    created_at timestamp with time zone NOT NULL,
    donor_id uuid NOT NULL,
    proposal_id uuid NOT NULL
);


ALTER TABLE public.base_donation OWNER TO nasibgojayev;

--
-- Name: base_donor; Type: TABLE; Schema: public; Owner: nasibgojayev
--

CREATE TABLE public.base_donor (
    donor_id uuid NOT NULL,
    username character varying(100) NOT NULL,
    reputation_score double precision NOT NULL,
    joined_at timestamp with time zone NOT NULL,
    wallet_id uuid NOT NULL
);


ALTER TABLE public.base_donor OWNER TO nasibgojayev;

--
-- Name: base_governancetoken; Type: TABLE; Schema: public; Owner: nasibgojayev
--

CREATE TABLE public.base_governancetoken (
    holder_id uuid NOT NULL,
    voting_power numeric(20,8) NOT NULL,
    role character varying(10) NOT NULL,
    wallet_id uuid NOT NULL
);


ALTER TABLE public.base_governancetoken OWNER TO nasibgojayev;

--
-- Name: base_match; Type: TABLE; Schema: public; Owner: nasibgojayev
--

CREATE TABLE public.base_match (
    match_id uuid NOT NULL,
    matched_amount numeric(20,8) NOT NULL,
    proposal_id uuid NOT NULL,
    round_id uuid NOT NULL
);


ALTER TABLE public.base_match OWNER TO nasibgojayev;

--
-- Name: base_matchingpool; Type: TABLE; Schema: public; Owner: nasibgojayev
--

CREATE TABLE public.base_matchingpool (
    pool_id uuid NOT NULL,
    total_funds numeric(20,8) NOT NULL,
    allocated_funds numeric(20,8) NOT NULL,
    replenished_by character varying(100) NOT NULL
);


ALTER TABLE public.base_matchingpool OWNER TO nasibgojayev;

--
-- Name: base_payout; Type: TABLE; Schema: public; Owner: nasibgojayev
--

CREATE TABLE public.base_payout (
    payout_id uuid NOT NULL,
    amount numeric(20,8) NOT NULL,
    tx_hash character varying(255) NOT NULL,
    distributed_at timestamp with time zone NOT NULL,
    proposal_id uuid NOT NULL,
    round_id uuid NOT NULL
);


ALTER TABLE public.base_payout OWNER TO nasibgojayev;

--
-- Name: base_proposal; Type: TABLE; Schema: public; Owner: nasibgojayev
--

CREATE TABLE public.base_proposal (
    proposal_id uuid NOT NULL,
    title character varying(255) NOT NULL,
    description text NOT NULL,
    status character varying(10) NOT NULL,
    total_donations numeric(20,8) NOT NULL,
    created_at timestamp with time zone NOT NULL,
    proposer_id uuid NOT NULL,
    round_id uuid NOT NULL
);


ALTER TABLE public.base_proposal OWNER TO nasibgojayev;

--
-- Name: base_qfresult; Type: TABLE; Schema: public; Owner: nasibgojayev
--

CREATE TABLE public.base_qfresult (
    result_id uuid NOT NULL,
    calculated_match numeric(20,8) NOT NULL,
    verified boolean NOT NULL,
    proposal_id uuid NOT NULL,
    round_id uuid NOT NULL
);


ALTER TABLE public.base_qfresult OWNER TO nasibgojayev;

--
-- Name: base_round; Type: TABLE; Schema: public; Owner: nasibgojayev
--

CREATE TABLE public.base_round (
    round_id uuid NOT NULL,
    start_date timestamp with time zone NOT NULL,
    end_date timestamp with time zone NOT NULL,
    status character varying(10) NOT NULL,
    matching_pool_id uuid NOT NULL
);


ALTER TABLE public.base_round OWNER TO nasibgojayev;

--
-- Name: base_sybilscore; Type: TABLE; Schema: public; Owner: nasibgojayev
--

CREATE TABLE public.base_sybilscore (
    score_id uuid NOT NULL,
    score double precision NOT NULL,
    verified_by character varying(100) NOT NULL,
    last_updated timestamp with time zone NOT NULL,
    wallet_id uuid NOT NULL
);


ALTER TABLE public.base_sybilscore OWNER TO nasibgojayev;

--
-- Name: base_wallet; Type: TABLE; Schema: public; Owner: nasibgojayev
--

CREATE TABLE public.base_wallet (
    wallet_id uuid NOT NULL,
    address character varying(255) NOT NULL,
    balance numeric(20,8) NOT NULL,
    status character varying(10) NOT NULL,
    last_activity timestamp with time zone NOT NULL
);


ALTER TABLE public.base_wallet OWNER TO nasibgojayev;

--
-- Name: django_admin_log; Type: TABLE; Schema: public; Owner: nasibgojayev
--

CREATE TABLE public.django_admin_log (
    id integer NOT NULL,
    action_time timestamp with time zone NOT NULL,
    object_id text,
    object_repr character varying(200) NOT NULL,
    action_flag smallint NOT NULL,
    change_message text NOT NULL,
    content_type_id integer,
    user_id integer NOT NULL,
    CONSTRAINT django_admin_log_action_flag_check CHECK ((action_flag >= 0))
);


ALTER TABLE public.django_admin_log OWNER TO nasibgojayev;

--
-- Name: django_admin_log_id_seq; Type: SEQUENCE; Schema: public; Owner: nasibgojayev
--

ALTER TABLE public.django_admin_log ALTER COLUMN id ADD GENERATED BY DEFAULT AS IDENTITY (
    SEQUENCE NAME public.django_admin_log_id_seq
    START WITH 1
    INCREMENT BY 1
    NO MINVALUE
    NO MAXVALUE
    CACHE 1
);


--
-- Name: django_content_type; Type: TABLE; Schema: public; Owner: nasibgojayev
--

CREATE TABLE public.django_content_type (
    id integer NOT NULL,
    app_label character varying(100) NOT NULL,
    model character varying(100) NOT NULL
);


ALTER TABLE public.django_content_type OWNER TO nasibgojayev;

--
-- Name: django_content_type_id_seq; Type: SEQUENCE; Schema: public; Owner: nasibgojayev
--

ALTER TABLE public.django_content_type ALTER COLUMN id ADD GENERATED BY DEFAULT AS IDENTITY (
    SEQUENCE NAME public.django_content_type_id_seq
    START WITH 1
    INCREMENT BY 1
    NO MINVALUE
    NO MAXVALUE
    CACHE 1
);


--
-- Name: django_migrations; Type: TABLE; Schema: public; Owner: nasibgojayev
--

CREATE TABLE public.django_migrations (
    id bigint NOT NULL,
    app character varying(255) NOT NULL,
    name character varying(255) NOT NULL,
    applied timestamp with time zone NOT NULL
);


ALTER TABLE public.django_migrations OWNER TO nasibgojayev;

--
-- Name: django_migrations_id_seq; Type: SEQUENCE; Schema: public; Owner: nasibgojayev
--

ALTER TABLE public.django_migrations ALTER COLUMN id ADD GENERATED BY DEFAULT AS IDENTITY (
    SEQUENCE NAME public.django_migrations_id_seq
    START WITH 1
    INCREMENT BY 1
    NO MINVALUE
    NO MAXVALUE
    CACHE 1
);


--
-- Name: django_session; Type: TABLE; Schema: public; Owner: nasibgojayev
--

CREATE TABLE public.django_session (
    session_key character varying(40) NOT NULL,
    session_data text NOT NULL,
    expire_date timestamp with time zone NOT NULL
);


ALTER TABLE public.django_session OWNER TO nasibgojayev;

--
-- Data for Name: auth_group; Type: TABLE DATA; Schema: public; Owner: nasibgojayev
--

COPY public.auth_group (id, name) FROM stdin;
\.


--
-- Data for Name: auth_group_permissions; Type: TABLE DATA; Schema: public; Owner: nasibgojayev
--

COPY public.auth_group_permissions (id, group_id, permission_id) FROM stdin;
\.


--
-- Data for Name: auth_permission; Type: TABLE DATA; Schema: public; Owner: nasibgojayev
--

COPY public.auth_permission (id, name, content_type_id, codename) FROM stdin;
1	Can add log entry	1	add_logentry
2	Can change log entry	1	change_logentry
3	Can delete log entry	1	delete_logentry
4	Can view log entry	1	view_logentry
5	Can add permission	2	add_permission
6	Can change permission	2	change_permission
7	Can delete permission	2	delete_permission
8	Can view permission	2	view_permission
9	Can add group	3	add_group
10	Can change group	3	change_group
11	Can delete group	3	delete_group
12	Can view group	3	view_group
13	Can add user	4	add_user
14	Can change user	4	change_user
15	Can delete user	4	delete_user
16	Can view user	4	view_user
17	Can add content type	5	add_contenttype
18	Can change content type	5	change_contenttype
19	Can delete content type	5	delete_contenttype
20	Can view content type	5	view_contenttype
21	Can add session	6	add_session
22	Can change session	6	change_session
23	Can delete session	6	delete_session
24	Can view session	6	view_session
25	Can add donor	7	add_donor
26	Can change donor	7	change_donor
27	Can delete donor	7	delete_donor
28	Can view donor	7	view_donor
29	Can add matching pool	8	add_matchingpool
30	Can change matching pool	8	change_matchingpool
31	Can delete matching pool	8	delete_matchingpool
32	Can view matching pool	8	view_matchingpool
33	Can add wallet	9	add_wallet
34	Can change wallet	9	change_wallet
35	Can delete wallet	9	delete_wallet
36	Can view wallet	9	view_wallet
37	Can add proposal	10	add_proposal
38	Can change proposal	10	change_proposal
39	Can delete proposal	10	delete_proposal
40	Can view proposal	10	view_proposal
41	Can add donation	11	add_donation
42	Can change donation	11	change_donation
43	Can delete donation	11	delete_donation
44	Can view donation	11	view_donation
45	Can add round	12	add_round
46	Can change round	12	change_round
47	Can delete round	12	delete_round
48	Can view round	12	view_round
49	Can add payout	13	add_payout
50	Can change payout	13	change_payout
51	Can delete payout	13	delete_payout
52	Can view payout	13	view_payout
53	Can add contract event	14	add_contractevent
54	Can change contract event	14	change_contractevent
55	Can delete contract event	14	delete_contractevent
56	Can view contract event	14	view_contractevent
57	Can add qf result	15	add_qfresult
58	Can change qf result	15	change_qfresult
59	Can delete qf result	15	delete_qfresult
60	Can view qf result	15	view_qfresult
61	Can add match	16	add_match
62	Can change match	16	change_match
63	Can delete match	16	delete_match
64	Can view match	16	view_match
65	Can add sybil score	17	add_sybilscore
66	Can change sybil score	17	change_sybilscore
67	Can delete sybil score	17	delete_sybilscore
68	Can view sybil score	17	view_sybilscore
69	Can add governance token	18	add_governancetoken
70	Can change governance token	18	change_governancetoken
71	Can delete governance token	18	delete_governancetoken
72	Can view governance token	18	view_governancetoken
\.


--
-- Data for Name: auth_user; Type: TABLE DATA; Schema: public; Owner: nasibgojayev
--

COPY public.auth_user (id, password, last_login, is_superuser, username, first_name, last_name, email, is_staff, is_active, date_joined) FROM stdin;
1	pbkdf2_sha256$1000000$3AhYoUDAMyGMEZ6vMs4QKn$v2BKD0AF5dlqt5PRKnl84vgheLlmNf6CO45siMYJbTk=	2025-11-23 22:01:09.37346+04	t	doncoin			nqocayev2006@gmail.com	t	t	2025-11-23 22:00:10.010348+04
\.


--
-- Data for Name: auth_user_groups; Type: TABLE DATA; Schema: public; Owner: nasibgojayev
--

COPY public.auth_user_groups (id, user_id, group_id) FROM stdin;
\.


--
-- Data for Name: auth_user_user_permissions; Type: TABLE DATA; Schema: public; Owner: nasibgojayev
--

COPY public.auth_user_user_permissions (id, user_id, permission_id) FROM stdin;
\.


--
-- Data for Name: base_contractevent; Type: TABLE DATA; Schema: public; Owner: nasibgojayev
--

COPY public.base_contractevent (event_id, event_type, "timestamp", tx_hash, proposal_id, round_id) FROM stdin;
\.


--
-- Data for Name: base_donation; Type: TABLE DATA; Schema: public; Owner: nasibgojayev
--

COPY public.base_donation (donation_id, amount, sybil_score, tx_hash, created_at, donor_id, proposal_id) FROM stdin;
\.


--
-- Data for Name: base_donor; Type: TABLE DATA; Schema: public; Owner: nasibgojayev
--

COPY public.base_donor (donor_id, username, reputation_score, joined_at, wallet_id) FROM stdin;
55fda485-c05c-4050-8784-65d5c9b09290	nasibGojayev	100	2025-11-23 22:04:42.222888+04	b26b7999-e6ee-496e-87ff-7b799e105b40
\.


--
-- Data for Name: base_governancetoken; Type: TABLE DATA; Schema: public; Owner: nasibgojayev
--

COPY public.base_governancetoken (holder_id, voting_power, role, wallet_id) FROM stdin;
ed4d6b29-9a02-4dba-991a-a425a3db8f02	10.00000000	council	b26b7999-e6ee-496e-87ff-7b799e105b40
\.


--
-- Data for Name: base_match; Type: TABLE DATA; Schema: public; Owner: nasibgojayev
--

COPY public.base_match (match_id, matched_amount, proposal_id, round_id) FROM stdin;
\.


--
-- Data for Name: base_matchingpool; Type: TABLE DATA; Schema: public; Owner: nasibgojayev
--

COPY public.base_matchingpool (pool_id, total_funds, allocated_funds, replenished_by) FROM stdin;
a9e9851c-baa4-4cd1-80a2-1fbd4bd85113	100.00000000	0.00000000	admin
\.


--
-- Data for Name: base_payout; Type: TABLE DATA; Schema: public; Owner: nasibgojayev
--

COPY public.base_payout (payout_id, amount, tx_hash, distributed_at, proposal_id, round_id) FROM stdin;
\.


--
-- Data for Name: base_proposal; Type: TABLE DATA; Schema: public; Owner: nasibgojayev
--

COPY public.base_proposal (proposal_id, title, description, status, total_donations, created_at, proposer_id, round_id) FROM stdin;
a4dd1257-b2c4-417b-acbe-034ced3da37f	paint manufacturing facility	hello we need money to support our project , we are opening a paint manufacturing facility , give us money	pending	0.00000000	2025-11-23 22:10:07.838719+04	55fda485-c05c-4050-8784-65d5c9b09290	550f2793-b8c1-4a14-9054-e46be7a0ecc8
\.


--
-- Data for Name: base_qfresult; Type: TABLE DATA; Schema: public; Owner: nasibgojayev
--

COPY public.base_qfresult (result_id, calculated_match, verified, proposal_id, round_id) FROM stdin;
9c23349d-2b78-457c-bc57-8e5b7131eac2	10.00000000	t	a4dd1257-b2c4-417b-acbe-034ced3da37f	550f2793-b8c1-4a14-9054-e46be7a0ecc8
\.


--
-- Data for Name: base_round; Type: TABLE DATA; Schema: public; Owner: nasibgojayev
--

COPY public.base_round (round_id, start_date, end_date, status, matching_pool_id) FROM stdin;
550f2793-b8c1-4a14-9054-e46be7a0ecc8	2025-11-23 22:08:16+04	2025-12-31 22:08:27+04	upcoming	a9e9851c-baa4-4cd1-80a2-1fbd4bd85113
\.


--
-- Data for Name: base_sybilscore; Type: TABLE DATA; Schema: public; Owner: nasibgojayev
--

COPY public.base_sybilscore (score_id, score, verified_by, last_updated, wallet_id) FROM stdin;
4d4aa4d6-5c94-40ae-8dcc-6ea4fe53b053	0	nasibgojayev	2025-11-23 22:04:42.224112+04	b26b7999-e6ee-496e-87ff-7b799e105b40
\.


--
-- Data for Name: base_wallet; Type: TABLE DATA; Schema: public; Owner: nasibgojayev
--

COPY public.base_wallet (wallet_id, address, balance, status, last_activity) FROM stdin;
b26b7999-e6ee-496e-87ff-7b799e105b40	0505306201	10.00000000	active	2025-11-23 22:04:42.221194+04
\.


--
-- Data for Name: django_admin_log; Type: TABLE DATA; Schema: public; Owner: nasibgojayev
--

COPY public.django_admin_log (id, action_time, object_id, object_repr, action_flag, change_message, content_type_id, user_id) FROM stdin;
1	2025-11-23 22:04:42.225766+04	b26b7999-e6ee-496e-87ff-7b799e105b40	0505306201 (active)	1	[{"added": {}}, {"added": {"name": "donor", "object": "nasibGojayev"}}, {"added": {"name": "sybil score", "object": "Sybil Score: 0.0 for 0505306201"}}]	9	1
2	2025-11-23 22:05:02.449311+04	ae20a73f-a49a-4c3d-978d-bc78084c464e	nasibgojayev	1	[{"added": {}}]	7	1
3	2025-11-23 22:05:27.199265+04	ae20a73f-a49a-4c3d-978d-bc78084c464e	nasibgojayev	3		7	1
4	2025-11-23 22:05:31.151242+04	55fda485-c05c-4050-8784-65d5c9b09290	nasibGojayev	2	[]	7	1
5	2025-11-23 22:09:16.117887+04	a9e9851c-baa4-4cd1-80a2-1fbd4bd85113	Pool a9e9851c-baa4-4cd1-80a2-1fbd4bd85113 - Total: 100	1	[{"added": {}}]	8	1
6	2025-11-23 22:09:33.608672+04	550f2793-b8c1-4a14-9054-e46be7a0ecc8	Round 550f2793-b8c1-4a14-9054-e46be7a0ecc8 (upcoming)	1	[{"added": {}}]	12	1
7	2025-11-23 22:10:07.839561+04	a4dd1257-b2c4-417b-acbe-034ced3da37f	paint manufacturing facility	1	[{"added": {}}]	10	1
8	2025-11-23 22:11:00.090481+04	9c23349d-2b78-457c-bc57-8e5b7131eac2	QF Result for paint manufacturing facility - 10	1	[{"added": {}}]	15	1
9	2025-11-23 22:11:25.964112+04	ed4d6b29-9a02-4dba-991a-a425a3db8f02	0505306201 - council (10)	1	[{"added": {}}]	18	1
\.


--
-- Data for Name: django_content_type; Type: TABLE DATA; Schema: public; Owner: nasibgojayev
--

COPY public.django_content_type (id, app_label, model) FROM stdin;
1	admin	logentry
2	auth	permission
3	auth	group
4	auth	user
5	contenttypes	contenttype
6	sessions	session
7	base	donor
8	base	matchingpool
9	base	wallet
10	base	proposal
11	base	donation
12	base	round
13	base	payout
14	base	contractevent
15	base	qfresult
16	base	match
17	base	sybilscore
18	base	governancetoken
\.


--
-- Data for Name: django_migrations; Type: TABLE DATA; Schema: public; Owner: nasibgojayev
--

COPY public.django_migrations (id, app, name, applied) FROM stdin;
1	contenttypes	0001_initial	2025-11-23 13:26:57.076676+04
2	auth	0001_initial	2025-11-23 13:26:57.101695+04
3	admin	0001_initial	2025-11-23 13:26:57.111315+04
4	admin	0002_logentry_remove_auto_add	2025-11-23 13:26:57.114513+04
5	admin	0003_logentry_add_action_flag_choices	2025-11-23 13:26:57.117486+04
6	contenttypes	0002_remove_content_type_name	2025-11-23 13:26:57.125428+04
7	auth	0002_alter_permission_name_max_length	2025-11-23 13:26:57.128755+04
8	auth	0003_alter_user_email_max_length	2025-11-23 13:26:57.131929+04
9	auth	0004_alter_user_username_opts	2025-11-23 13:26:57.134526+04
10	auth	0005_alter_user_last_login_null	2025-11-23 13:26:57.14252+04
11	auth	0006_require_contenttypes_0002	2025-11-23 13:26:57.143022+04
12	auth	0007_alter_validators_add_error_messages	2025-11-23 13:26:57.145617+04
13	auth	0008_alter_user_username_max_length	2025-11-23 13:26:57.150565+04
14	auth	0009_alter_user_last_name_max_length	2025-11-23 13:26:57.153835+04
15	auth	0010_alter_group_name_max_length	2025-11-23 13:26:57.157808+04
16	auth	0011_update_proxy_permissions	2025-11-23 13:26:57.160194+04
17	auth	0012_alter_user_first_name_max_length	2025-11-23 13:26:57.163786+04
18	base	0001_initial	2025-11-23 13:26:57.252397+04
19	sessions	0001_initial	2025-11-23 13:26:57.256956+04
\.


--
-- Data for Name: django_session; Type: TABLE DATA; Schema: public; Owner: nasibgojayev
--

COPY public.django_session (session_key, session_data, expire_date) FROM stdin;
jjqhfse5kta5dm9wwjyt05kra5asvvtn	.eJxVjDsOwjAQBe_iGln-rT-U9JzBWttrHECOFCcV4u4QKQW0b2bei0Xc1ha3QUucCjszyU6_W8L8oL6Dcsd-m3me-7pMie8KP-jg17nQ83K4fwcNR_vWSSOAqVJLGZyoOqSqFAgSKLyVSVUfFDiiYLz3aK0nl6UyIivQFQyw9we4-jaJ:1vNEOb:ppgOTvX-1jrIEiG2cE9rbzbo_r5E4ea2QywM0GIXQUM	2025-12-07 22:01:09.37553+04
\.


--
-- Name: auth_group_id_seq; Type: SEQUENCE SET; Schema: public; Owner: nasibgojayev
--

SELECT pg_catalog.setval('public.auth_group_id_seq', 1, false);


--
-- Name: auth_group_permissions_id_seq; Type: SEQUENCE SET; Schema: public; Owner: nasibgojayev
--

SELECT pg_catalog.setval('public.auth_group_permissions_id_seq', 1, false);


--
-- Name: auth_permission_id_seq; Type: SEQUENCE SET; Schema: public; Owner: nasibgojayev
--

SELECT pg_catalog.setval('public.auth_permission_id_seq', 72, true);


--
-- Name: auth_user_groups_id_seq; Type: SEQUENCE SET; Schema: public; Owner: nasibgojayev
--

SELECT pg_catalog.setval('public.auth_user_groups_id_seq', 1, false);


--
-- Name: auth_user_id_seq; Type: SEQUENCE SET; Schema: public; Owner: nasibgojayev
--

SELECT pg_catalog.setval('public.auth_user_id_seq', 1, true);


--
-- Name: auth_user_user_permissions_id_seq; Type: SEQUENCE SET; Schema: public; Owner: nasibgojayev
--

SELECT pg_catalog.setval('public.auth_user_user_permissions_id_seq', 1, false);


--
-- Name: django_admin_log_id_seq; Type: SEQUENCE SET; Schema: public; Owner: nasibgojayev
--

SELECT pg_catalog.setval('public.django_admin_log_id_seq', 9, true);


--
-- Name: django_content_type_id_seq; Type: SEQUENCE SET; Schema: public; Owner: nasibgojayev
--

SELECT pg_catalog.setval('public.django_content_type_id_seq', 18, true);


--
-- Name: django_migrations_id_seq; Type: SEQUENCE SET; Schema: public; Owner: nasibgojayev
--

SELECT pg_catalog.setval('public.django_migrations_id_seq', 19, true);


--
-- Name: auth_group auth_group_name_key; Type: CONSTRAINT; Schema: public; Owner: nasibgojayev
--

ALTER TABLE ONLY public.auth_group
    ADD CONSTRAINT auth_group_name_key UNIQUE (name);


--
-- Name: auth_group_permissions auth_group_permissions_group_id_permission_id_0cd325b0_uniq; Type: CONSTRAINT; Schema: public; Owner: nasibgojayev
--

ALTER TABLE ONLY public.auth_group_permissions
    ADD CONSTRAINT auth_group_permissions_group_id_permission_id_0cd325b0_uniq UNIQUE (group_id, permission_id);


--
-- Name: auth_group_permissions auth_group_permissions_pkey; Type: CONSTRAINT; Schema: public; Owner: nasibgojayev
--

ALTER TABLE ONLY public.auth_group_permissions
    ADD CONSTRAINT auth_group_permissions_pkey PRIMARY KEY (id);


--
-- Name: auth_group auth_group_pkey; Type: CONSTRAINT; Schema: public; Owner: nasibgojayev
--

ALTER TABLE ONLY public.auth_group
    ADD CONSTRAINT auth_group_pkey PRIMARY KEY (id);


--
-- Name: auth_permission auth_permission_content_type_id_codename_01ab375a_uniq; Type: CONSTRAINT; Schema: public; Owner: nasibgojayev
--

ALTER TABLE ONLY public.auth_permission
    ADD CONSTRAINT auth_permission_content_type_id_codename_01ab375a_uniq UNIQUE (content_type_id, codename);


--
-- Name: auth_permission auth_permission_pkey; Type: CONSTRAINT; Schema: public; Owner: nasibgojayev
--

ALTER TABLE ONLY public.auth_permission
    ADD CONSTRAINT auth_permission_pkey PRIMARY KEY (id);


--
-- Name: auth_user_groups auth_user_groups_pkey; Type: CONSTRAINT; Schema: public; Owner: nasibgojayev
--

ALTER TABLE ONLY public.auth_user_groups
    ADD CONSTRAINT auth_user_groups_pkey PRIMARY KEY (id);


--
-- Name: auth_user_groups auth_user_groups_user_id_group_id_94350c0c_uniq; Type: CONSTRAINT; Schema: public; Owner: nasibgojayev
--

ALTER TABLE ONLY public.auth_user_groups
    ADD CONSTRAINT auth_user_groups_user_id_group_id_94350c0c_uniq UNIQUE (user_id, group_id);


--
-- Name: auth_user auth_user_pkey; Type: CONSTRAINT; Schema: public; Owner: nasibgojayev
--

ALTER TABLE ONLY public.auth_user
    ADD CONSTRAINT auth_user_pkey PRIMARY KEY (id);


--
-- Name: auth_user_user_permissions auth_user_user_permissions_pkey; Type: CONSTRAINT; Schema: public; Owner: nasibgojayev
--

ALTER TABLE ONLY public.auth_user_user_permissions
    ADD CONSTRAINT auth_user_user_permissions_pkey PRIMARY KEY (id);


--
-- Name: auth_user_user_permissions auth_user_user_permissions_user_id_permission_id_14a6b632_uniq; Type: CONSTRAINT; Schema: public; Owner: nasibgojayev
--

ALTER TABLE ONLY public.auth_user_user_permissions
    ADD CONSTRAINT auth_user_user_permissions_user_id_permission_id_14a6b632_uniq UNIQUE (user_id, permission_id);


--
-- Name: auth_user auth_user_username_key; Type: CONSTRAINT; Schema: public; Owner: nasibgojayev
--

ALTER TABLE ONLY public.auth_user
    ADD CONSTRAINT auth_user_username_key UNIQUE (username);


--
-- Name: base_contractevent base_contractevent_pkey; Type: CONSTRAINT; Schema: public; Owner: nasibgojayev
--

ALTER TABLE ONLY public.base_contractevent
    ADD CONSTRAINT base_contractevent_pkey PRIMARY KEY (event_id);


--
-- Name: base_contractevent base_contractevent_tx_hash_key; Type: CONSTRAINT; Schema: public; Owner: nasibgojayev
--

ALTER TABLE ONLY public.base_contractevent
    ADD CONSTRAINT base_contractevent_tx_hash_key UNIQUE (tx_hash);


--
-- Name: base_donation base_donation_pkey; Type: CONSTRAINT; Schema: public; Owner: nasibgojayev
--

ALTER TABLE ONLY public.base_donation
    ADD CONSTRAINT base_donation_pkey PRIMARY KEY (donation_id);


--
-- Name: base_donation base_donation_tx_hash_key; Type: CONSTRAINT; Schema: public; Owner: nasibgojayev
--

ALTER TABLE ONLY public.base_donation
    ADD CONSTRAINT base_donation_tx_hash_key UNIQUE (tx_hash);


--
-- Name: base_donor base_donor_pkey; Type: CONSTRAINT; Schema: public; Owner: nasibgojayev
--

ALTER TABLE ONLY public.base_donor
    ADD CONSTRAINT base_donor_pkey PRIMARY KEY (donor_id);


--
-- Name: base_donor base_donor_username_key; Type: CONSTRAINT; Schema: public; Owner: nasibgojayev
--

ALTER TABLE ONLY public.base_donor
    ADD CONSTRAINT base_donor_username_key UNIQUE (username);


--
-- Name: base_governancetoken base_governancetoken_pkey; Type: CONSTRAINT; Schema: public; Owner: nasibgojayev
--

ALTER TABLE ONLY public.base_governancetoken
    ADD CONSTRAINT base_governancetoken_pkey PRIMARY KEY (holder_id);


--
-- Name: base_governancetoken base_governancetoken_wallet_id_role_4109fe28_uniq; Type: CONSTRAINT; Schema: public; Owner: nasibgojayev
--

ALTER TABLE ONLY public.base_governancetoken
    ADD CONSTRAINT base_governancetoken_wallet_id_role_4109fe28_uniq UNIQUE (wallet_id, role);


--
-- Name: base_match base_match_pkey; Type: CONSTRAINT; Schema: public; Owner: nasibgojayev
--

ALTER TABLE ONLY public.base_match
    ADD CONSTRAINT base_match_pkey PRIMARY KEY (match_id);


--
-- Name: base_match base_match_proposal_id_round_id_bd2463e8_uniq; Type: CONSTRAINT; Schema: public; Owner: nasibgojayev
--

ALTER TABLE ONLY public.base_match
    ADD CONSTRAINT base_match_proposal_id_round_id_bd2463e8_uniq UNIQUE (proposal_id, round_id);


--
-- Name: base_matchingpool base_matchingpool_pkey; Type: CONSTRAINT; Schema: public; Owner: nasibgojayev
--

ALTER TABLE ONLY public.base_matchingpool
    ADD CONSTRAINT base_matchingpool_pkey PRIMARY KEY (pool_id);


--
-- Name: base_payout base_payout_pkey; Type: CONSTRAINT; Schema: public; Owner: nasibgojayev
--

ALTER TABLE ONLY public.base_payout
    ADD CONSTRAINT base_payout_pkey PRIMARY KEY (payout_id);


--
-- Name: base_payout base_payout_tx_hash_key; Type: CONSTRAINT; Schema: public; Owner: nasibgojayev
--

ALTER TABLE ONLY public.base_payout
    ADD CONSTRAINT base_payout_tx_hash_key UNIQUE (tx_hash);


--
-- Name: base_proposal base_proposal_pkey; Type: CONSTRAINT; Schema: public; Owner: nasibgojayev
--

ALTER TABLE ONLY public.base_proposal
    ADD CONSTRAINT base_proposal_pkey PRIMARY KEY (proposal_id);


--
-- Name: base_qfresult base_qfresult_pkey; Type: CONSTRAINT; Schema: public; Owner: nasibgojayev
--

ALTER TABLE ONLY public.base_qfresult
    ADD CONSTRAINT base_qfresult_pkey PRIMARY KEY (result_id);


--
-- Name: base_qfresult base_qfresult_round_id_proposal_id_ae8a9671_uniq; Type: CONSTRAINT; Schema: public; Owner: nasibgojayev
--

ALTER TABLE ONLY public.base_qfresult
    ADD CONSTRAINT base_qfresult_round_id_proposal_id_ae8a9671_uniq UNIQUE (round_id, proposal_id);


--
-- Name: base_round base_round_pkey; Type: CONSTRAINT; Schema: public; Owner: nasibgojayev
--

ALTER TABLE ONLY public.base_round
    ADD CONSTRAINT base_round_pkey PRIMARY KEY (round_id);


--
-- Name: base_sybilscore base_sybilscore_pkey; Type: CONSTRAINT; Schema: public; Owner: nasibgojayev
--

ALTER TABLE ONLY public.base_sybilscore
    ADD CONSTRAINT base_sybilscore_pkey PRIMARY KEY (score_id);


--
-- Name: base_sybilscore base_sybilscore_wallet_id_verified_by_d90114b0_uniq; Type: CONSTRAINT; Schema: public; Owner: nasibgojayev
--

ALTER TABLE ONLY public.base_sybilscore
    ADD CONSTRAINT base_sybilscore_wallet_id_verified_by_d90114b0_uniq UNIQUE (wallet_id, verified_by);


--
-- Name: base_wallet base_wallet_address_key; Type: CONSTRAINT; Schema: public; Owner: nasibgojayev
--

ALTER TABLE ONLY public.base_wallet
    ADD CONSTRAINT base_wallet_address_key UNIQUE (address);


--
-- Name: base_wallet base_wallet_pkey; Type: CONSTRAINT; Schema: public; Owner: nasibgojayev
--

ALTER TABLE ONLY public.base_wallet
    ADD CONSTRAINT base_wallet_pkey PRIMARY KEY (wallet_id);


--
-- Name: django_admin_log django_admin_log_pkey; Type: CONSTRAINT; Schema: public; Owner: nasibgojayev
--

ALTER TABLE ONLY public.django_admin_log
    ADD CONSTRAINT django_admin_log_pkey PRIMARY KEY (id);


--
-- Name: django_content_type django_content_type_app_label_model_76bd3d3b_uniq; Type: CONSTRAINT; Schema: public; Owner: nasibgojayev
--

ALTER TABLE ONLY public.django_content_type
    ADD CONSTRAINT django_content_type_app_label_model_76bd3d3b_uniq UNIQUE (app_label, model);


--
-- Name: django_content_type django_content_type_pkey; Type: CONSTRAINT; Schema: public; Owner: nasibgojayev
--

ALTER TABLE ONLY public.django_content_type
    ADD CONSTRAINT django_content_type_pkey PRIMARY KEY (id);


--
-- Name: django_migrations django_migrations_pkey; Type: CONSTRAINT; Schema: public; Owner: nasibgojayev
--

ALTER TABLE ONLY public.django_migrations
    ADD CONSTRAINT django_migrations_pkey PRIMARY KEY (id);


--
-- Name: django_session django_session_pkey; Type: CONSTRAINT; Schema: public; Owner: nasibgojayev
--

ALTER TABLE ONLY public.django_session
    ADD CONSTRAINT django_session_pkey PRIMARY KEY (session_key);


--
-- Name: auth_group_name_a6ea08ec_like; Type: INDEX; Schema: public; Owner: nasibgojayev
--

CREATE INDEX auth_group_name_a6ea08ec_like ON public.auth_group USING btree (name varchar_pattern_ops);


--
-- Name: auth_group_permissions_group_id_b120cbf9; Type: INDEX; Schema: public; Owner: nasibgojayev
--

CREATE INDEX auth_group_permissions_group_id_b120cbf9 ON public.auth_group_permissions USING btree (group_id);


--
-- Name: auth_group_permissions_permission_id_84c5c92e; Type: INDEX; Schema: public; Owner: nasibgojayev
--

CREATE INDEX auth_group_permissions_permission_id_84c5c92e ON public.auth_group_permissions USING btree (permission_id);


--
-- Name: auth_permission_content_type_id_2f476e4b; Type: INDEX; Schema: public; Owner: nasibgojayev
--

CREATE INDEX auth_permission_content_type_id_2f476e4b ON public.auth_permission USING btree (content_type_id);


--
-- Name: auth_user_groups_group_id_97559544; Type: INDEX; Schema: public; Owner: nasibgojayev
--

CREATE INDEX auth_user_groups_group_id_97559544 ON public.auth_user_groups USING btree (group_id);


--
-- Name: auth_user_groups_user_id_6a12ed8b; Type: INDEX; Schema: public; Owner: nasibgojayev
--

CREATE INDEX auth_user_groups_user_id_6a12ed8b ON public.auth_user_groups USING btree (user_id);


--
-- Name: auth_user_user_permissions_permission_id_1fbb5f2c; Type: INDEX; Schema: public; Owner: nasibgojayev
--

CREATE INDEX auth_user_user_permissions_permission_id_1fbb5f2c ON public.auth_user_user_permissions USING btree (permission_id);


--
-- Name: auth_user_user_permissions_user_id_a95ead1b; Type: INDEX; Schema: public; Owner: nasibgojayev
--

CREATE INDEX auth_user_user_permissions_user_id_a95ead1b ON public.auth_user_user_permissions USING btree (user_id);


--
-- Name: auth_user_username_6821ab7c_like; Type: INDEX; Schema: public; Owner: nasibgojayev
--

CREATE INDEX auth_user_username_6821ab7c_like ON public.auth_user USING btree (username varchar_pattern_ops);


--
-- Name: base_contractevent_proposal_id_2f5d508d; Type: INDEX; Schema: public; Owner: nasibgojayev
--

CREATE INDEX base_contractevent_proposal_id_2f5d508d ON public.base_contractevent USING btree (proposal_id);


--
-- Name: base_contractevent_round_id_a267b328; Type: INDEX; Schema: public; Owner: nasibgojayev
--

CREATE INDEX base_contractevent_round_id_a267b328 ON public.base_contractevent USING btree (round_id);


--
-- Name: base_contractevent_tx_hash_898fc255_like; Type: INDEX; Schema: public; Owner: nasibgojayev
--

CREATE INDEX base_contractevent_tx_hash_898fc255_like ON public.base_contractevent USING btree (tx_hash varchar_pattern_ops);


--
-- Name: base_donation_donor_id_bf07c0a4; Type: INDEX; Schema: public; Owner: nasibgojayev
--

CREATE INDEX base_donation_donor_id_bf07c0a4 ON public.base_donation USING btree (donor_id);


--
-- Name: base_donation_proposal_id_b5dd5a82; Type: INDEX; Schema: public; Owner: nasibgojayev
--

CREATE INDEX base_donation_proposal_id_b5dd5a82 ON public.base_donation USING btree (proposal_id);


--
-- Name: base_donation_tx_hash_389143bf_like; Type: INDEX; Schema: public; Owner: nasibgojayev
--

CREATE INDEX base_donation_tx_hash_389143bf_like ON public.base_donation USING btree (tx_hash varchar_pattern_ops);


--
-- Name: base_donor_username_d18354e2_like; Type: INDEX; Schema: public; Owner: nasibgojayev
--

CREATE INDEX base_donor_username_d18354e2_like ON public.base_donor USING btree (username varchar_pattern_ops);


--
-- Name: base_donor_wallet_id_21388e0d; Type: INDEX; Schema: public; Owner: nasibgojayev
--

CREATE INDEX base_donor_wallet_id_21388e0d ON public.base_donor USING btree (wallet_id);


--
-- Name: base_governancetoken_wallet_id_c94cc7ae; Type: INDEX; Schema: public; Owner: nasibgojayev
--

CREATE INDEX base_governancetoken_wallet_id_c94cc7ae ON public.base_governancetoken USING btree (wallet_id);


--
-- Name: base_match_proposal_id_d6a627fc; Type: INDEX; Schema: public; Owner: nasibgojayev
--

CREATE INDEX base_match_proposal_id_d6a627fc ON public.base_match USING btree (proposal_id);


--
-- Name: base_match_round_id_a28a1dd7; Type: INDEX; Schema: public; Owner: nasibgojayev
--

CREATE INDEX base_match_round_id_a28a1dd7 ON public.base_match USING btree (round_id);


--
-- Name: base_payout_proposal_id_6d90cffb; Type: INDEX; Schema: public; Owner: nasibgojayev
--

CREATE INDEX base_payout_proposal_id_6d90cffb ON public.base_payout USING btree (proposal_id);


--
-- Name: base_payout_round_id_059e5fa2; Type: INDEX; Schema: public; Owner: nasibgojayev
--

CREATE INDEX base_payout_round_id_059e5fa2 ON public.base_payout USING btree (round_id);


--
-- Name: base_payout_tx_hash_af782574_like; Type: INDEX; Schema: public; Owner: nasibgojayev
--

CREATE INDEX base_payout_tx_hash_af782574_like ON public.base_payout USING btree (tx_hash varchar_pattern_ops);


--
-- Name: base_proposal_proposer_id_0e730da4; Type: INDEX; Schema: public; Owner: nasibgojayev
--

CREATE INDEX base_proposal_proposer_id_0e730da4 ON public.base_proposal USING btree (proposer_id);


--
-- Name: base_proposal_round_id_1676cedb; Type: INDEX; Schema: public; Owner: nasibgojayev
--

CREATE INDEX base_proposal_round_id_1676cedb ON public.base_proposal USING btree (round_id);


--
-- Name: base_qfresult_proposal_id_ead65b11; Type: INDEX; Schema: public; Owner: nasibgojayev
--

CREATE INDEX base_qfresult_proposal_id_ead65b11 ON public.base_qfresult USING btree (proposal_id);


--
-- Name: base_qfresult_round_id_455441c4; Type: INDEX; Schema: public; Owner: nasibgojayev
--

CREATE INDEX base_qfresult_round_id_455441c4 ON public.base_qfresult USING btree (round_id);


--
-- Name: base_round_matching_pool_id_d09b4fd5; Type: INDEX; Schema: public; Owner: nasibgojayev
--

CREATE INDEX base_round_matching_pool_id_d09b4fd5 ON public.base_round USING btree (matching_pool_id);


--
-- Name: base_sybilscore_wallet_id_ac28f92f; Type: INDEX; Schema: public; Owner: nasibgojayev
--

CREATE INDEX base_sybilscore_wallet_id_ac28f92f ON public.base_sybilscore USING btree (wallet_id);


--
-- Name: base_wallet_address_1645f022_like; Type: INDEX; Schema: public; Owner: nasibgojayev
--

CREATE INDEX base_wallet_address_1645f022_like ON public.base_wallet USING btree (address varchar_pattern_ops);


--
-- Name: django_admin_log_content_type_id_c4bce8eb; Type: INDEX; Schema: public; Owner: nasibgojayev
--

CREATE INDEX django_admin_log_content_type_id_c4bce8eb ON public.django_admin_log USING btree (content_type_id);


--
-- Name: django_admin_log_user_id_c564eba6; Type: INDEX; Schema: public; Owner: nasibgojayev
--

CREATE INDEX django_admin_log_user_id_c564eba6 ON public.django_admin_log USING btree (user_id);


--
-- Name: django_session_expire_date_a5c62663; Type: INDEX; Schema: public; Owner: nasibgojayev
--

CREATE INDEX django_session_expire_date_a5c62663 ON public.django_session USING btree (expire_date);


--
-- Name: django_session_session_key_c0390e0f_like; Type: INDEX; Schema: public; Owner: nasibgojayev
--

CREATE INDEX django_session_session_key_c0390e0f_like ON public.django_session USING btree (session_key varchar_pattern_ops);


--
-- Name: auth_group_permissions auth_group_permissio_permission_id_84c5c92e_fk_auth_perm; Type: FK CONSTRAINT; Schema: public; Owner: nasibgojayev
--

ALTER TABLE ONLY public.auth_group_permissions
    ADD CONSTRAINT auth_group_permissio_permission_id_84c5c92e_fk_auth_perm FOREIGN KEY (permission_id) REFERENCES public.auth_permission(id) DEFERRABLE INITIALLY DEFERRED;


--
-- Name: auth_group_permissions auth_group_permissions_group_id_b120cbf9_fk_auth_group_id; Type: FK CONSTRAINT; Schema: public; Owner: nasibgojayev
--

ALTER TABLE ONLY public.auth_group_permissions
    ADD CONSTRAINT auth_group_permissions_group_id_b120cbf9_fk_auth_group_id FOREIGN KEY (group_id) REFERENCES public.auth_group(id) DEFERRABLE INITIALLY DEFERRED;


--
-- Name: auth_permission auth_permission_content_type_id_2f476e4b_fk_django_co; Type: FK CONSTRAINT; Schema: public; Owner: nasibgojayev
--

ALTER TABLE ONLY public.auth_permission
    ADD CONSTRAINT auth_permission_content_type_id_2f476e4b_fk_django_co FOREIGN KEY (content_type_id) REFERENCES public.django_content_type(id) DEFERRABLE INITIALLY DEFERRED;


--
-- Name: auth_user_groups auth_user_groups_group_id_97559544_fk_auth_group_id; Type: FK CONSTRAINT; Schema: public; Owner: nasibgojayev
--

ALTER TABLE ONLY public.auth_user_groups
    ADD CONSTRAINT auth_user_groups_group_id_97559544_fk_auth_group_id FOREIGN KEY (group_id) REFERENCES public.auth_group(id) DEFERRABLE INITIALLY DEFERRED;


--
-- Name: auth_user_groups auth_user_groups_user_id_6a12ed8b_fk_auth_user_id; Type: FK CONSTRAINT; Schema: public; Owner: nasibgojayev
--

ALTER TABLE ONLY public.auth_user_groups
    ADD CONSTRAINT auth_user_groups_user_id_6a12ed8b_fk_auth_user_id FOREIGN KEY (user_id) REFERENCES public.auth_user(id) DEFERRABLE INITIALLY DEFERRED;


--
-- Name: auth_user_user_permissions auth_user_user_permi_permission_id_1fbb5f2c_fk_auth_perm; Type: FK CONSTRAINT; Schema: public; Owner: nasibgojayev
--

ALTER TABLE ONLY public.auth_user_user_permissions
    ADD CONSTRAINT auth_user_user_permi_permission_id_1fbb5f2c_fk_auth_perm FOREIGN KEY (permission_id) REFERENCES public.auth_permission(id) DEFERRABLE INITIALLY DEFERRED;


--
-- Name: auth_user_user_permissions auth_user_user_permissions_user_id_a95ead1b_fk_auth_user_id; Type: FK CONSTRAINT; Schema: public; Owner: nasibgojayev
--

ALTER TABLE ONLY public.auth_user_user_permissions
    ADD CONSTRAINT auth_user_user_permissions_user_id_a95ead1b_fk_auth_user_id FOREIGN KEY (user_id) REFERENCES public.auth_user(id) DEFERRABLE INITIALLY DEFERRED;


--
-- Name: base_contractevent base_contractevent_proposal_id_2f5d508d_fk_base_prop; Type: FK CONSTRAINT; Schema: public; Owner: nasibgojayev
--

ALTER TABLE ONLY public.base_contractevent
    ADD CONSTRAINT base_contractevent_proposal_id_2f5d508d_fk_base_prop FOREIGN KEY (proposal_id) REFERENCES public.base_proposal(proposal_id) DEFERRABLE INITIALLY DEFERRED;


--
-- Name: base_contractevent base_contractevent_round_id_a267b328_fk_base_round_round_id; Type: FK CONSTRAINT; Schema: public; Owner: nasibgojayev
--

ALTER TABLE ONLY public.base_contractevent
    ADD CONSTRAINT base_contractevent_round_id_a267b328_fk_base_round_round_id FOREIGN KEY (round_id) REFERENCES public.base_round(round_id) DEFERRABLE INITIALLY DEFERRED;


--
-- Name: base_donation base_donation_donor_id_bf07c0a4_fk_base_donor_donor_id; Type: FK CONSTRAINT; Schema: public; Owner: nasibgojayev
--

ALTER TABLE ONLY public.base_donation
    ADD CONSTRAINT base_donation_donor_id_bf07c0a4_fk_base_donor_donor_id FOREIGN KEY (donor_id) REFERENCES public.base_donor(donor_id) DEFERRABLE INITIALLY DEFERRED;


--
-- Name: base_donation base_donation_proposal_id_b5dd5a82_fk_base_proposal_proposal_id; Type: FK CONSTRAINT; Schema: public; Owner: nasibgojayev
--

ALTER TABLE ONLY public.base_donation
    ADD CONSTRAINT base_donation_proposal_id_b5dd5a82_fk_base_proposal_proposal_id FOREIGN KEY (proposal_id) REFERENCES public.base_proposal(proposal_id) DEFERRABLE INITIALLY DEFERRED;


--
-- Name: base_donor base_donor_wallet_id_21388e0d_fk_base_wallet_wallet_id; Type: FK CONSTRAINT; Schema: public; Owner: nasibgojayev
--

ALTER TABLE ONLY public.base_donor
    ADD CONSTRAINT base_donor_wallet_id_21388e0d_fk_base_wallet_wallet_id FOREIGN KEY (wallet_id) REFERENCES public.base_wallet(wallet_id) DEFERRABLE INITIALLY DEFERRED;


--
-- Name: base_governancetoken base_governancetoken_wallet_id_c94cc7ae_fk_base_wall; Type: FK CONSTRAINT; Schema: public; Owner: nasibgojayev
--

ALTER TABLE ONLY public.base_governancetoken
    ADD CONSTRAINT base_governancetoken_wallet_id_c94cc7ae_fk_base_wall FOREIGN KEY (wallet_id) REFERENCES public.base_wallet(wallet_id) DEFERRABLE INITIALLY DEFERRED;


--
-- Name: base_match base_match_proposal_id_d6a627fc_fk_base_proposal_proposal_id; Type: FK CONSTRAINT; Schema: public; Owner: nasibgojayev
--

ALTER TABLE ONLY public.base_match
    ADD CONSTRAINT base_match_proposal_id_d6a627fc_fk_base_proposal_proposal_id FOREIGN KEY (proposal_id) REFERENCES public.base_proposal(proposal_id) DEFERRABLE INITIALLY DEFERRED;


--
-- Name: base_match base_match_round_id_a28a1dd7_fk_base_round_round_id; Type: FK CONSTRAINT; Schema: public; Owner: nasibgojayev
--

ALTER TABLE ONLY public.base_match
    ADD CONSTRAINT base_match_round_id_a28a1dd7_fk_base_round_round_id FOREIGN KEY (round_id) REFERENCES public.base_round(round_id) DEFERRABLE INITIALLY DEFERRED;


--
-- Name: base_payout base_payout_proposal_id_6d90cffb_fk_base_proposal_proposal_id; Type: FK CONSTRAINT; Schema: public; Owner: nasibgojayev
--

ALTER TABLE ONLY public.base_payout
    ADD CONSTRAINT base_payout_proposal_id_6d90cffb_fk_base_proposal_proposal_id FOREIGN KEY (proposal_id) REFERENCES public.base_proposal(proposal_id) DEFERRABLE INITIALLY DEFERRED;


--
-- Name: base_payout base_payout_round_id_059e5fa2_fk_base_round_round_id; Type: FK CONSTRAINT; Schema: public; Owner: nasibgojayev
--

ALTER TABLE ONLY public.base_payout
    ADD CONSTRAINT base_payout_round_id_059e5fa2_fk_base_round_round_id FOREIGN KEY (round_id) REFERENCES public.base_round(round_id) DEFERRABLE INITIALLY DEFERRED;


--
-- Name: base_proposal base_proposal_proposer_id_0e730da4_fk_base_donor_donor_id; Type: FK CONSTRAINT; Schema: public; Owner: nasibgojayev
--

ALTER TABLE ONLY public.base_proposal
    ADD CONSTRAINT base_proposal_proposer_id_0e730da4_fk_base_donor_donor_id FOREIGN KEY (proposer_id) REFERENCES public.base_donor(donor_id) DEFERRABLE INITIALLY DEFERRED;


--
-- Name: base_proposal base_proposal_round_id_1676cedb_fk_base_round_round_id; Type: FK CONSTRAINT; Schema: public; Owner: nasibgojayev
--

ALTER TABLE ONLY public.base_proposal
    ADD CONSTRAINT base_proposal_round_id_1676cedb_fk_base_round_round_id FOREIGN KEY (round_id) REFERENCES public.base_round(round_id) DEFERRABLE INITIALLY DEFERRED;


--
-- Name: base_qfresult base_qfresult_proposal_id_ead65b11_fk_base_proposal_proposal_id; Type: FK CONSTRAINT; Schema: public; Owner: nasibgojayev
--

ALTER TABLE ONLY public.base_qfresult
    ADD CONSTRAINT base_qfresult_proposal_id_ead65b11_fk_base_proposal_proposal_id FOREIGN KEY (proposal_id) REFERENCES public.base_proposal(proposal_id) DEFERRABLE INITIALLY DEFERRED;


--
-- Name: base_qfresult base_qfresult_round_id_455441c4_fk_base_round_round_id; Type: FK CONSTRAINT; Schema: public; Owner: nasibgojayev
--

ALTER TABLE ONLY public.base_qfresult
    ADD CONSTRAINT base_qfresult_round_id_455441c4_fk_base_round_round_id FOREIGN KEY (round_id) REFERENCES public.base_round(round_id) DEFERRABLE INITIALLY DEFERRED;


--
-- Name: base_round base_round_matching_pool_id_d09b4fd5_fk_base_matc; Type: FK CONSTRAINT; Schema: public; Owner: nasibgojayev
--

ALTER TABLE ONLY public.base_round
    ADD CONSTRAINT base_round_matching_pool_id_d09b4fd5_fk_base_matc FOREIGN KEY (matching_pool_id) REFERENCES public.base_matchingpool(pool_id) DEFERRABLE INITIALLY DEFERRED;


--
-- Name: base_sybilscore base_sybilscore_wallet_id_ac28f92f_fk_base_wallet_wallet_id; Type: FK CONSTRAINT; Schema: public; Owner: nasibgojayev
--

ALTER TABLE ONLY public.base_sybilscore
    ADD CONSTRAINT base_sybilscore_wallet_id_ac28f92f_fk_base_wallet_wallet_id FOREIGN KEY (wallet_id) REFERENCES public.base_wallet(wallet_id) DEFERRABLE INITIALLY DEFERRED;


--
-- Name: django_admin_log django_admin_log_content_type_id_c4bce8eb_fk_django_co; Type: FK CONSTRAINT; Schema: public; Owner: nasibgojayev
--

ALTER TABLE ONLY public.django_admin_log
    ADD CONSTRAINT django_admin_log_content_type_id_c4bce8eb_fk_django_co FOREIGN KEY (content_type_id) REFERENCES public.django_content_type(id) DEFERRABLE INITIALLY DEFERRED;


--
-- Name: django_admin_log django_admin_log_user_id_c564eba6_fk_auth_user_id; Type: FK CONSTRAINT; Schema: public; Owner: nasibgojayev
--

ALTER TABLE ONLY public.django_admin_log
    ADD CONSTRAINT django_admin_log_user_id_c564eba6_fk_auth_user_id FOREIGN KEY (user_id) REFERENCES public.auth_user(id) DEFERRABLE INITIALLY DEFERRED;


--
-- PostgreSQL database dump complete
--

\unrestrict Iid1GKlJCVAbJCBcj3khYlNB5MJucJzNoHWnQysToeQe3VoU5UdhrUPq90hCtRS

